init_angle,init_speed,X,Y,time
45,100,0,0,0
,,0.707106781,0.706126781,0.01
,,1.414213562,1.411273562,0.02
,,2.121320344,2.115440344,0.03
,,2.828427125,2.818627125,0.04
,,3.535533906,3.520833906,0.05
,,4.242640687,4.222060687,0.06
,,4.949747468,4.922307468,0.07
,,5.656854249,5.621574249,0.08
,,6.363961031,6.319861031,0.09
,,7.071067812,7.017167812,0.1
,,7.778174593,7.713494593,0.11
,,8.485281374,8.408841374,0.12
,,9.192388155,9.103208155,0.13
,,9.899494937,9.796594937,0.14
,,10.60660172,10.48900172,0.15
,,11.3137085,11.1804285,0.16
,,12.02081528,11.87087528,0.17
,,12.72792206,12.56034206,0.18
,,13.43502884,13.24882884,0.19
,,14.14213562,13.93633562,0.2
,,14.8492424,14.6228624,0.21
,,15.55634919,15.30840919,0.22
,,16.26345597,15.99297597,0.23
,,16.97056275,16.67656275,0.24
,,17.67766953,17.35916953,0.25
,,18.38477631,18.04079631,0.26
,,19.09188309,18.72144309,0.27
,,19.79898987,19.40110987,0.28
,,20.50609665,20.07979665,0.29
,,21.21320344,20.75750344,0.3
,,21.92031022,21.43423022,0.31
,,22.627417,22.109977,0.32
,,23.33452378,22.78474378,0.33
,,24.04163056,23.45853056,0.34
,,24.74873734,24.13133734,0.35
,,25.45584412,24.80316412,0.36
,,26.1629509,25.4740109,0.37
,,26.87005769,26.14387769,0.38
,,27.57716447,26.81276447,0.39
,,28.28427125,27.48067125,0.4
,,28.99137803,28.14759803,0.41
,,29.69848481,28.81354481,0.42
,,30.40559159,29.47851159,0.43
,,31.11269837,30.14249837,0.44
,,31.81980515,30.80550515,0.45
,,32.52691193,31.46753193,0.46
,,33.23401872,32.12857872,0.47
,,33.9411255,32.7886455,0.48
,,34.64823228,33.44773228,0.49
,,35.35533906,34.10583906,0.5
,,36.06244584,34.76296584,0.51
,,36.76955262,35.41911262,0.52
,,37.4766594,36.0742794,0.53
,,38.18376618,36.72846618,0.54
,,38.89087297,37.38167297,0.55
,,39.59797975,38.03389975,0.56
,,40.30508653,38.68514653,0.57
,,41.01219331,39.33541331,0.58
,,41.71930009,39.98470009,0.59
,,42.42640687,40.63300687,0.6
,,43.13351365,41.28033365,0.61
,,43.84062043,41.92668043,0.62
,,44.54772721,42.57204721,0.63
,,45.254834,43.216434,0.64
,,45.96194078,43.85984078,0.65
,,46.66904756,44.50226756,0.66
,,47.37615434,45.14371434,0.67
,,48.08326112,45.78418112,0.68
,,48.7903679,46.4236679,0.69
,,49.49747468,47.06217468,0.7
,,50.20458146,47.69970146,0.71
,,50.91168825,48.33624825,0.72
,,51.61879503,48.97181503,0.73
,,52.32590181,49.60640181,0.74
,,53.03300859,50.24000859,0.75
,,53.74011537,50.87263537,0.76
,,54.44722215,51.50428215,0.77
,,55.15432893,52.13494893,0.78
,,55.86143571,52.76463571,0.79
,,56.56854249,53.39334249,0.8
,,57.27564928,54.02106928,0.81
,,57.98275606,54.64781606,0.82
,,58.68986284,55.27358284,0.83
,,59.39696962,55.89836962,0.84
,,60.1040764,56.5221764,0.85
,,60.81118318,57.14500318,0.86
,,61.51828996,57.76684996,0.87
,,62.22539674,58.38771674,0.88
,,62.93250353,59.00760353,0.89
,,63.63961031,59.62651031,0.9
,,64.34671709,60.24443709,0.91
,,65.05382387,60.86138387,0.92
,,65.76093065,61.47735065,0.93
,,66.46803743,62.09233743,0.94
,,67.17514421,62.70634421,0.95
,,67.88225099,63.31937099,0.96
,,68.58935778,63.93141778,0.97
,,69.29646456,64.54248456,0.98
,,70.00357134,65.15257134,0.99
,,70.71067812,65.76167812,1
,,71.4177849,66.3698049,1.01
,,72.12489168,66.97695168,1.02
,,72.83199846,67.58311846,1.03
,,73.53910524,68.18830524,1.04
,,74.24621202,68.79251202,1.05
,,74.95331881,69.39573881,1.06
,,75.66042559,69.99798559,1.07
,,76.36753237,70.59925237,1.08
,,77.07463915,71.19953915,1.09
,,77.78174593,71.79884593,1.1
,,78.48885271,72.39717271,1.11
,,79.19595949,72.99451949,1.12
,,79.90306627,73.59088627,1.13
,,80.61017306,74.18627306,1.14
,,81.31727984,74.78067984,1.15
,,82.02438662,75.37410662,1.16
,,82.7314934,75.9665534,1.17
,,83.43860018,76.55802018,1.18
,,84.14570696,77.14850696,1.19
,,84.85281374,77.73801374,1.2
,,85.55992052,78.32654052,1.21
,,86.2670273,78.9140873,1.22
,,86.97413409,79.50065409,1.23
,,87.68124087,80.08624087,1.24
,,88.38834765,80.67084765,1.25
,,89.09545443,81.25447443,1.26
,,89.80256121,81.83712121,1.27
,,90.50966799,82.41878799,1.28
,,91.21677477,82.99947477,1.29
,,91.92388155,83.57918155,1.3
,,92.63098834,84.15790834,1.31
,,93.33809512,84.73565512,1.32
,,94.0452019,85.3124219,1.33
,,94.75230868,85.88820868,1.34
,,95.45941546,86.46301546,1.35
,,96.16652224,87.03684224,1.36
,,96.87362902,87.60968902,1.37
,,97.5807358,88.1815558,1.38
,,98.28784258,88.75244258,1.39
,,98.99494937,89.32234937,1.4
,,99.70205615,89.89127615,1.41
,,100.4091629,90.45922293,1.42
,,101.1162697,91.02618971,1.43
,,101.8233765,91.59217649,1.44
,,102.5304833,92.15718327,1.45
,,103.2375901,92.72121005,1.46
,,103.9446968,93.28425683,1.47
,,104.6518036,93.84632362,1.48
,,105.3589104,94.4074104,1.49
,,106.0660172,94.96751718,1.5
,,106.773124,95.52664396,1.51
,,107.4802307,96.08479074,1.52
,,108.1873375,96.64195752,1.53
,,108.8944443,97.1981443,1.54
,,109.6015511,97.75335108,1.55
,,110.3086579,98.30757787,1.56
,,111.0157646,98.86082465,1.57
,,111.7228714,99.41309143,1.58
,,112.4299782,99.96437821,1.59
,,113.137085,100.514685,1.6
,,113.8441918,101.0640118,1.61
,,114.5512986,101.6123586,1.62
,,115.2584053,102.1597253,1.63
,,115.9655121,102.7061121,1.64
,,116.6726189,103.2515189,1.65
,,117.3797257,103.7959457,1.66
,,118.0868325,104.3393925,1.67
,,118.7939392,104.8818592,1.68
,,119.501046,105.423346,1.69
,,120.2081528,105.9638528,1.7
,,120.9152596,106.5033796,1.71
,,121.6223664,107.0419264,1.72
,,122.3294731,107.5794931,1.73
,,123.0365799,108.1160799,1.74
,,123.7436867,108.6516867,1.75
,,124.4507935,109.1863135,1.76
,,125.1579003,109.7199603,1.77
,,125.8650071,110.2526271,1.78
,,126.5721138,110.7843138,1.79
,,127.2792206,111.3150206,1.8
,,127.9863274,111.8447474,1.81
,,128.6934342,112.3734942,1.82
,,129.400541,112.901261,1.83
,,130.1076477,113.4280477,1.84
,,130.8147545,113.9538545,1.85
,,131.5218613,114.4786813,1.86
,,132.2289681,115.0025281,1.87
,,132.9360749,115.5253949,1.88
,,133.6431816,116.0472816,1.89
,,134.3502884,116.5681884,1.9
,,135.0573952,117.0881152,1.91
,,135.764502,117.607062,1.92
,,136.4716088,118.1250288,1.93
,,137.1787156,118.6420156,1.94
,,137.8858223,119.1580223,1.95
,,138.5929291,119.6730491,1.96
,,139.3000359,120.1870959,1.97
,,140.0071427,120.7001627,1.98
,,140.7142495,121.2122495,1.99
,,141.4213562,121.7233562,2
,,142.128463,122.233483,2.01
,,142.8355698,122.7426298,2.02
,,143.5426766,123.2507966,2.03
,,144.2497834,123.7579834,2.04
,,144.9568901,124.2641901,2.05
,,145.6639969,124.7694169,2.06
,,146.3711037,125.2736637,2.07
,,147.0782105,125.7769305,2.08
,,147.7853173,126.2792173,2.09
,,148.492424,126.780524,2.1
,,149.1995308,127.2808508,2.11
,,149.9066376,127.7801976,2.12
,,150.6137444,128.2785644,2.13
,,151.3208512,128.7759512,2.14
,,152.027958,129.272358,2.15
,,152.7350647,129.7677847,2.16
,,153.4421715,130.2622315,2.17
,,154.1492783,130.7556983,2.18
,,154.8563851,131.2481851,2.19
,,155.5634919,131.7396919,2.2
,,156.2705986,132.2302186,2.21
,,156.9777054,132.7197654,2.22
,,157.6848122,133.2083322,2.23
,,158.391919,133.695919,2.24
,,159.0990258,134.1825258,2.25
,,159.8061325,134.6681525,2.26
,,160.5132393,135.1527993,2.27
,,161.2203461,135.6364661,2.28
,,161.9274529,136.1191529,2.29
,,162.6345597,136.6008597,2.3
,,163.3416665,137.0815865,2.31
,,164.0487732,137.5613332,2.32
,,164.75588,138.0401,2.33
,,165.4629868,138.5178868,2.34
,,166.1700936,138.9946936,2.35
,,166.8772004,139.4705204,2.36
,,167.5843071,139.9453671,2.37
,,168.2914139,140.4192339,2.38
,,168.9985207,140.8921207,2.39
,,169.7056275,141.3640275,2.4
,,170.4127343,141.8349543,2.41
,,171.119841,142.304901,2.42
,,171.8269478,142.7738678,2.43
,,172.5340546,143.2418546,2.44
,,173.2411614,143.7088614,2.45
,,173.9482682,144.1748882,2.46
,,174.655375,144.639935,2.47
,,175.3624817,145.1040017,2.48
,,176.0695885,145.5670885,2.49
,,176.7766953,146.0291953,2.5
,,177.4838021,146.4903221,2.51
,,178.1909089,146.9504689,2.52
,,178.8980156,147.4096356,2.53
,,179.6051224,147.8678224,2.54
,,180.3122292,148.3250292,2.55
,,181.019336,148.781256,2.56
,,181.7264428,149.2365028,2.57
,,182.4335495,149.6907695,2.58
,,183.1406563,150.1440563,2.59
,,183.8477631,150.5963631,2.6
,,184.5548699,151.0476899,2.61
,,185.2619767,151.4980367,2.62
,,185.9690835,151.9474035,2.63
,,186.6761902,152.3957902,2.64
,,187.383297,152.843197,2.65
,,188.0904038,153.2896238,2.66
,,188.7975106,153.7350706,2.67
,,189.5046174,154.1795374,2.68
,,190.2117241,154.6230241,2.69
,,190.9188309,155.0655309,2.7
,,191.6259377,155.5070577,2.71
,,192.3330445,155.9476045,2.72
,,193.0401513,156.3871713,2.73
,,193.747258,156.825758,2.74
,,194.4543648,157.2633648,2.75
,,195.1614716,157.6999916,2.76
,,195.8685784,158.1356384,2.77
,,196.5756852,158.5703052,2.78
,,197.282792,159.003992,2.79
,,197.9898987,159.4366987,2.8
,,198.6970055,159.8684255,2.81
,,199.4041123,160.2991723,2.82
,,200.1112191,160.7289391,2.83
,,200.8183259,161.1577259,2.84
,,201.5254326,161.5855326,2.85
,,202.2325394,162.0123594,2.86
,,202.9396462,162.4382062,2.87
,,203.646753,162.863073,2.88
,,204.3538598,163.2869598,2.89
,,205.0609665,163.7098665,2.9
,,205.7680733,164.1317933,2.91
,,206.4751801,164.5527401,2.92
,,207.1822869,164.9727069,2.93
,,207.8893937,165.3916937,2.94
,,208.5965005,165.8097005,2.95
,,209.3036072,166.2267272,2.96
,,210.010714,166.642774,2.97
,,210.7178208,167.0578408,2.98
,,211.4249276,167.4719276,2.99
,,212.1320344,167.8850344,3
,,212.8391411,168.2971611,3.01
,,213.5462479,168.7083079,3.02
,,214.2533547,169.1184747,3.03
,,214.9604615,169.5276615,3.04
,,215.6675683,169.9358683,3.05
,,216.374675,170.343095,3.06
,,217.0817818,170.7493418,3.07
,,217.7888886,171.1546086,3.08
,,218.4959954,171.5588954,3.09
,,219.2031022,171.9622022,3.1
,,219.9102089,172.3645289,3.11
,,220.6173157,172.7658757,3.12
,,221.3244225,173.1662425,3.13
,,222.0315293,173.5656293,3.14
,,222.7386361,173.9640361,3.15
,,223.4457429,174.3614629,3.16
,,224.1528496,174.7579096,3.17
,,224.8599564,175.1533764,3.18
,,225.5670632,175.5478632,3.19
,,226.27417,175.94137,3.2
,,226.9812768,176.3338968,3.21
,,227.6883835,176.7254435,3.22
,,228.3954903,177.1160103,3.23
,,229.1025971,177.5055971,3.24
,,229.8097039,177.8942039,3.25
,,230.5168107,178.2818307,3.26
,,231.2239174,178.6684774,3.27
,,231.9310242,179.0541442,3.28
,,232.638131,179.438831,3.29
,,233.3452378,179.8225378,3.3
,,234.0523446,180.2052646,3.31
,,234.7594514,180.5870114,3.32
,,235.4665581,180.9677781,3.33
,,236.1736649,181.3475649,3.34
,,236.8807717,181.7263717,3.35
,,237.5878785,182.1041985,3.36
,,238.2949853,182.4810453,3.37
,,239.002092,182.856912,3.38
,,239.7091988,183.2317988,3.39
,,240.4163056,183.6057056,3.4
,,241.1234124,183.9786324,3.41
,,241.8305192,184.3505792,3.42
,,242.5376259,184.7215459,3.43
,,243.2447327,185.0915327,3.44
,,243.9518395,185.4605395,3.45
,,244.6589463,185.8285663,3.46
,,245.3660531,186.1956131,3.47
,,246.0731599,186.5616799,3.48
,,246.7802666,186.9267666,3.49
,,247.4873734,187.2908734,3.5
,,248.1944802,187.6540002,3.51
,,248.901587,188.016147,3.52
,,249.6086938,188.3773138,3.53
,,250.3158005,188.7375005,3.54
,,251.0229073,189.0967073,3.55
,,251.7300141,189.4549341,3.56
,,252.4371209,189.8121809,3.57
,,253.1442277,190.1684477,3.58
,,253.8513344,190.5237344,3.59
,,254.5584412,190.8780412,3.6
,,255.265548,191.231368,3.61
,,255.9726548,191.5837148,3.62
,,256.6797616,191.9350816,3.63
,,257.3868684,192.2854684,3.64
,,258.0939751,192.6348751,3.65
,,258.8010819,192.9833019,3.66
,,259.5081887,193.3307487,3.67
,,260.2152955,193.6772155,3.68
,,260.9224023,194.0227023,3.69
,,261.629509,194.367209,3.7
,,262.3366158,194.7107358,3.71
,,263.0437226,195.0532826,3.72
,,263.7508294,195.3948494,3.73
,,264.4579362,195.7354362,3.74
,,265.1650429,196.0750429,3.75
,,265.8721497,196.4136697,3.76
,,266.5792565,196.7513165,3.77
,,267.2863633,197.0879833,3.78
,,267.9934701,197.4236701,3.79
,,268.7005769,197.7583769,3.8
,,269.4076836,198.0921036,3.81
,,270.1147904,198.4248504,3.82
,,270.8218972,198.7566172,3.83
,,271.529004,199.087404,3.84
,,272.2361108,199.4172108,3.85
,,272.9432175,199.7460375,3.86
,,273.6503243,200.0738843,3.87
,,274.3574311,200.4007511,3.88
,,275.0645379,200.7266379,3.89
,,275.7716447,201.0515447,3.9
,,276.4787514,201.3754714,3.91
,,277.1858582,201.6984182,3.92
,,277.892965,202.020385,3.93
,,278.6000718,202.3413718,3.94
,,279.3071786,202.6613786,3.95
,,280.0142853,202.9804053,3.96
,,280.7213921,203.2984521,3.97
,,281.4284989,203.6155189,3.98
,,282.1356057,203.9316057,3.99
,,282.8427125,204.2467125,4
,,283.5498193,204.5608393,4.01
,,284.256926,204.873986,4.02
,,284.9640328,205.1861528,4.03
,,285.6711396,205.4973396,4.04
,,286.3782464,205.8075464,4.05
,,287.0853532,206.1167732,4.06
,,287.7924599,206.4250199,4.07
,,288.4995667,206.7322867,4.08
,,289.2066735,207.0385735,4.09
,,289.9137803,207.3438803,4.1
,,290.6208871,207.6482071,4.11
,,291.3279938,207.9515538,4.12
,,292.0351006,208.2539206,4.13
,,292.7422074,208.5553074,4.14
,,293.4493142,208.8557142,4.15
,,294.156421,209.155141,4.16
,,294.8635278,209.4535878,4.17
,,295.5706345,209.7510545,4.18
,,296.2777413,210.0475413,4.19
,,296.9848481,210.3430481,4.2
,,297.6919549,210.6375749,4.21
,,298.3990617,210.9311217,4.22
,,299.1061684,211.2236884,4.23
,,299.8132752,211.5152752,4.24
,,300.520382,211.805882,4.25
,,301.2274888,212.0955088,4.26
,,301.9345956,212.3841556,4.27
,,302.6417023,212.6718223,4.28
,,303.3488091,212.9585091,4.29
,,304.0559159,213.2442159,4.3
,,304.7630227,213.5289427,4.31
,,305.4701295,213.8126895,4.32
,,306.1772363,214.0954563,4.33
,,306.884343,214.377243,4.34
,,307.5914498,214.6580498,4.35
,,308.2985566,214.9378766,4.36
,,309.0056634,215.2167234,4.37
,,309.7127702,215.4945902,4.38
,,310.4198769,215.7714769,4.39
,,311.1269837,216.0473837,4.4
,,311.8340905,216.3223105,4.41
,,312.5411973,216.5962573,4.42
,,313.2483041,216.8692241,4.43
,,313.9554108,217.1412108,4.44
,,314.6625176,217.4122176,4.45
,,315.3696244,217.6822444,4.46
,,316.0767312,217.9512912,4.47
,,316.783838,218.219358,4.48
,,317.4909448,218.4864448,4.49
,,318.1980515,218.7525515,4.5
,,318.9051583,219.0176783,4.51
,,319.6122651,219.2818251,4.52
,,320.3193719,219.5449919,4.53
,,321.0264787,219.8071787,4.54
,,321.7335854,220.0683854,4.55
,,322.4406922,220.3286122,4.56
,,323.147799,220.587859,4.57
,,323.8549058,220.8461258,4.58
,,324.5620126,221.1034126,4.59
,,325.2691193,221.3597193,4.6
,,325.9762261,221.6150461,4.61
,,326.6833329,221.8693929,4.62
,,327.3904397,222.1227597,4.63
,,328.0975465,222.3751465,4.64
,,328.8046533,222.6265533,4.65
,,329.51176,222.87698,4.66
,,330.2188668,223.1264268,4.67
,,330.9259736,223.3748936,4.68
,,331.6330804,223.6223804,4.69
,,332.3401872,223.8688872,4.7
,,333.0472939,224.1144139,4.71
,,333.7544007,224.3589607,4.72
,,334.4615075,224.6025275,4.73
,,335.1686143,224.8451143,4.74
,,335.8757211,225.0867211,4.75
,,336.5828278,225.3273478,4.76
,,337.2899346,225.5669946,4.77
,,337.9970414,225.8056614,4.78
,,338.7041482,226.0433482,4.79
,,339.411255,226.280055,4.8
,,340.1183618,226.5157818,4.81
,,340.8254685,226.7505285,4.82
,,341.5325753,226.9842953,4.83
,,342.2396821,227.2170821,4.84
,,342.9467889,227.4488889,4.85
,,343.6538957,227.6797157,4.86
,,344.3610024,227.9095624,4.87
,,345.0681092,228.1384292,4.88
,,345.775216,228.366316,4.89
,,346.4823228,228.5932228,4.9
,,347.1894296,228.8191496,4.91
,,347.8965363,229.0440963,4.92
,,348.6036431,229.2680631,4.93
,,349.3107499,229.4910499,4.94
,,350.0178567,229.7130567,4.95
,,350.7249635,229.9340835,4.96
,,351.4320702,230.1541302,4.97
,,352.139177,230.373197,4.98
,,352.8462838,230.5912838,4.99
,,353.5533906,230.8083906,5
,,354.2604974,231.0245174,5.01
,,354.9676042,231.2396642,5.02
,,355.6747109,231.4538309,5.03
,,356.3818177,231.6670177,5.04
,,357.0889245,231.8792245,5.05
,,357.7960313,232.0904513,5.06
,,358.5031381,232.3006981,5.07
,,359.2102448,232.5099648,5.08
,,359.9173516,232.7182516,5.09
,,360.6244584,232.9255584,5.1
,,361.3315652,233.1318852,5.11
,,362.038672,233.337232,5.12
,,362.7457787,233.5415987,5.13
,,363.4528855,233.7449855,5.14
,,364.1599923,233.9473923,5.15
,,364.8670991,234.1488191,5.16
,,365.5742059,234.3492659,5.17
,,366.2813127,234.5487327,5.18
,,366.9884194,234.7472194,5.19
,,367.6955262,234.9447262,5.2
,,368.402633,235.141253,5.21
,,369.1097398,235.3367998,5.22
,,369.8168466,235.5313666,5.23
,,370.5239533,235.7249533,5.24
,,371.2310601,235.9175601,5.25
,,371.9381669,236.1091869,5.26
,,372.6452737,236.2998337,5.27
,,373.3523805,236.4895005,5.28
,,374.0594872,236.6781872,5.29
,,374.766594,236.865894,5.3
,,375.4737008,237.0526208,5.31
,,376.1808076,237.2383676,5.32
,,376.8879144,237.4231344,5.33
,,377.5950212,237.6069212,5.34
,,378.3021279,237.7897279,5.35
,,379.0092347,237.9715547,5.36
,,379.7163415,238.1524015,5.37
,,380.4234483,238.3322683,5.38
,,381.1305551,238.5111551,5.39
,,381.8376618,238.6890618,5.4
,,382.5447686,238.8659886,5.41
,,383.2518754,239.0419354,5.42
,,383.9589822,239.2169022,5.43
,,384.666089,239.390889,5.44
,,385.3731957,239.5638957,5.45
,,386.0803025,239.7359225,5.46
,,386.7874093,239.9069693,5.47
,,387.4945161,240.0770361,5.48
,,388.2016229,240.2461229,5.49
,,388.9087297,240.4142297,5.5
,,389.6158364,240.5813564,5.51
,,390.3229432,240.7475032,5.52
,,391.03005,240.91267,5.53
,,391.7371568,241.0768568,5.54
,,392.4442636,241.2400636,5.55
,,393.1513703,241.4022903,5.56
,,393.8584771,241.5635371,5.57
,,394.5655839,241.7238039,5.58
,,395.2726907,241.8830907,5.59
,,395.9797975,242.0413975,5.6
,,396.6869042,242.1987242,5.61
,,397.394011,242.355071,5.62
,,398.1011178,242.5104378,5.63
,,398.8082246,242.6648246,5.64
,,399.5153314,242.8182314,5.65
,,400.2224382,242.9706582,5.66
,,400.9295449,243.1221049,5.67
,,401.6366517,243.2725717,5.68
,,402.3437585,243.4220585,5.69
,,403.0508653,243.5705653,5.7
,,403.7579721,243.7180921,5.71
,,404.4650788,243.8646388,5.72
,,405.1721856,244.0102056,5.73
,,405.8792924,244.1547924,5.74
,,406.5863992,244.2983992,5.75
,,407.293506,244.441026,5.76
,,408.0006127,244.5826727,5.77
,,408.7077195,244.7233395,5.78
,,409.4148263,244.8630263,5.79
,,410.1219331,245.0017331,5.8
,,410.8290399,245.1394599,5.81
,,411.5361467,245.2762067,5.82
,,412.2432534,245.4119734,5.83
,,412.9503602,245.5467602,5.84
,,413.657467,245.680567,5.85
,,414.3645738,245.8133938,5.86
,,415.0716806,245.9452406,5.87
,,415.7787873,246.0761073,5.88
,,416.4858941,246.2059941,5.89
,,417.1930009,246.3349009,5.9
,,417.9001077,246.4628277,5.91
,,418.6072145,246.5897745,5.92
,,419.3143212,246.7157412,5.93
,,420.021428,246.840728,5.94
,,420.7285348,246.9647348,5.95
,,421.4356416,247.0877616,5.96
,,422.1427484,247.2098084,5.97
,,422.8498551,247.3308751,5.98
,,423.5569619,247.4509619,5.99
,,424.2640687,247.5700687,6
,,424.9711755,247.6881955,6.01
,,425.6782823,247.8053423,6.02
,,426.3853891,247.9215091,6.03
,,427.0924958,248.0366958,6.04
,,427.7996026,248.1509026,6.05
,,428.5067094,248.2641294,6.06
,,429.2138162,248.3763762,6.07
,,429.920923,248.487643,6.08
,,430.6280297,248.5979297,6.09
,,431.3351365,248.7072365,6.1
,,432.0422433,248.8155633,6.11
,,432.7493501,248.9229101,6.12
,,433.4564569,249.0292769,6.13
,,434.1635636,249.1346636,6.14
,,434.8706704,249.2390704,6.15
,,435.5777772,249.3424972,6.16
,,436.284884,249.444944,6.17
,,436.9919908,249.5464108,6.18
,,437.6990976,249.6468976,6.19
,,438.4062043,249.7464043,6.2
,,439.1133111,249.8449311,6.21
,,439.8204179,249.9424779,6.22
,,440.5275247,250.0390447,6.23
,,441.2346315,250.1346315,6.24
,,441.9417382,250.2292382,6.25
,,442.648845,250.322865,6.26
,,443.3559518,250.4155118,6.27
,,444.0630586,250.5071786,6.28
,,444.7701654,250.5978654,6.29
,,445.4772721,250.6875721,6.3
,,446.1843789,250.7762989,6.31
,,446.8914857,250.8640457,6.32
,,447.5985925,250.9508125,6.33
,,448.3056993,251.0365993,6.34
,,449.0128061,251.1214061,6.35
,,449.7199128,251.2052328,6.36
,,450.4270196,251.2880796,6.37
,,451.1341264,251.3699464,6.38
,,451.8412332,251.4508332,6.39
,,452.54834,251.53074,6.4
,,453.2554467,251.6096667,6.41
,,453.9625535,251.6876135,6.42
,,454.6696603,251.7645803,6.43
,,455.3767671,251.8405671,6.44
,,456.0838739,251.9155739,6.45
,,456.7909806,251.9896006,6.46
,,457.4980874,252.0626474,6.47
,,458.2051942,252.1347142,6.48
,,458.912301,252.205801,6.49
,,459.6194078,252.2759078,6.5
,,460.3265146,252.3450346,6.51
,,461.0336213,252.4131813,6.52
,,461.7407281,252.4803481,6.53
,,462.4478349,252.5465349,6.54
,,463.1549417,252.6117417,6.55
,,463.8620485,252.6759685,6.56
,,464.5691552,252.7392152,6.57
,,465.276262,252.801482,6.58
,,465.9833688,252.8627688,6.59
,,466.6904756,252.9230756,6.6
,,467.3975824,252.9824024,6.61
,,468.1046891,253.0407491,6.62
,,468.8117959,253.0981159,6.63
,,469.5189027,253.1545027,6.64
,,470.2260095,253.2099095,6.65
,,470.9331163,253.2643363,6.66
,,471.6402231,253.3177831,6.67
,,472.3473298,253.3702498,6.68
,,473.0544366,253.4217366,6.69
,,473.7615434,253.4722434,6.7
,,474.4686502,253.5217702,6.71
,,475.175757,253.570317,6.72
,,475.8828637,253.6178837,6.73
,,476.5899705,253.6644705,6.74
,,477.2970773,253.7100773,6.75
,,478.0041841,253.7547041,6.76
,,478.7112909,253.7983509,6.77
,,479.4183976,253.8410176,6.78
,,480.1255044,253.8827044,6.79
,,480.8326112,253.9234112,6.8
,,481.539718,253.963138,6.81
,,482.2468248,254.0018848,6.82
,,482.9539316,254.0396516,6.83
,,483.6610383,254.0764383,6.84
,,484.3681451,254.1122451,6.85
,,485.0752519,254.1470719,6.86
,,485.7823587,254.1809187,6.87
,,486.4894655,254.2137855,6.88
,,487.1965722,254.2456722,6.89
,,487.903679,254.276579,6.9
,,488.6107858,254.3065058,6.91
,,489.3178926,254.3354526,6.92
,,490.0249994,254.3634194,6.93
,,490.7321061,254.3904061,6.94
,,491.4392129,254.4164129,6.95
,,492.1463197,254.4414397,6.96
,,492.8534265,254.4654865,6.97
,,493.5605333,254.4885533,6.98
,,494.26764,254.51064,6.99
,,494.9747468,254.5317468,7
,,495.6818536,254.5518736,7.01
,,496.3889604,254.5710204,7.02
,,497.0960672,254.5891872,7.03
,,497.803174,254.606374,7.04
,,498.5102807,254.6225807,7.05
,,499.2173875,254.6378075,7.06
,,499.9244943,254.6520543,7.07
,,500.6316011,254.6653211,7.08
,,501.3387079,254.6776079,7.09
,,502.0458146,254.6889146,7.1
,,502.7529214,254.6992414,7.11
,,503.4600282,254.7085882,7.12
,,504.167135,254.716955,7.13
,,504.8742418,254.7243418,7.14
,,505.5813485,254.7307485,7.15
,,506.2884553,254.7361753,7.16
,,506.9955621,254.7406221,7.17
,,507.7026689,254.7440889,7.18
,,508.4097757,254.7465757,7.19
,,509.1168825,254.7480825,7.2
,,509.8239892,254.7486092,7.21
,,510.531096,254.748156,7.22
,,511.2382028,254.7467228,7.23
,,511.9453096,254.7443096,7.24
,,512.6524164,254.7409164,7.25
,,513.3595231,254.7365431,7.26
,,514.0666299,254.7311899,7.27
,,514.7737367,254.7248567,7.28
,,515.4808435,254.7175435,7.29
,,516.1879503,254.7092503,7.3
,,516.895057,254.699977,7.31
,,517.6021638,254.6897238,7.32
,,518.3092706,254.6784906,7.33
,,519.0163774,254.6662774,7.34
,,519.7234842,254.6530842,7.35
,,520.430591,254.638911,7.36
,,521.1376977,254.6237577,7.37
,,521.8448045,254.6076245,7.38
,,522.5519113,254.5905113,7.39
,,523.2590181,254.5724181,7.4
,,523.9661249,254.5533449,7.41
,,524.6732316,254.5332916,7.42
,,525.3803384,254.5122584,7.43
,,526.0874452,254.4902452,7.44
,,526.794552,254.467252,7.45
,,527.5016588,254.4432788,7.46
,,528.2087655,254.4183255,7.47
,,528.9158723,254.3923923,7.48
,,529.6229791,254.3654791,7.49
,,530.3300859,254.3375859,7.5
,,531.0371927,254.3087127,7.51
,,531.7442995,254.2788595,7.52
,,532.4514062,254.2480262,7.53
,,533.158513,254.216213,7.54
,,533.8656198,254.1834198,7.55
,,534.5727266,254.1496466,7.56
,,535.2798334,254.1148934,7.57
,,535.9869401,254.0791601,7.58
,,536.6940469,254.0424469,7.59
,,537.4011537,254.0047537,7.6
,,538.1082605,253.9660805,7.61
,,538.8153673,253.9264273,7.62
,,539.522474,253.885794,7.63
,,540.2295808,253.8441808,7.64
,,540.9366876,253.8015876,7.65
,,541.6437944,253.7580144,7.66
,,542.3509012,253.7134612,7.67
,,543.058008,253.667928,7.68
,,543.7651147,253.6214147,7.69
,,544.4722215,253.5739215,7.7
,,545.1793283,253.5254483,7.71
,,545.8864351,253.4759951,7.72
,,546.5935419,253.4255619,7.73
,,547.3006486,253.3741486,7.74
,,548.0077554,253.3217554,7.75
,,548.7148622,253.2683822,7.76
,,549.421969,253.214029,7.77
,,550.1290758,253.1586958,7.78
,,550.8361825,253.1023825,7.79
,,551.5432893,253.0450893,7.8
,,552.2503961,252.9868161,7.81
,,552.9575029,252.9275629,7.82
,,553.6646097,252.8673297,7.83
,,554.3717165,252.8061165,7.84
,,555.0788232,252.7439232,7.85
,,555.78593,252.68075,7.86
,,556.4930368,252.6165968,7.87
,,557.2001436,252.5514636,7.88
,,557.9072504,252.4853504,7.89
,,558.6143571,252.4182571,7.9
,,559.3214639,252.3501839,7.91
,,560.0285707,252.2811307,7.92
,,560.7356775,252.2110975,7.93
,,561.4427843,252.1400843,7.94
,,562.149891,252.068091,7.95
,,562.8569978,251.9951178,7.96
,,563.5641046,251.9211646,7.97
,,564.2712114,251.8462314,7.98
,,564.9783182,251.7703182,7.99
,,565.6854249,251.6934249,8
,,566.3925317,251.6155517,8.01
,,567.0996385,251.5366985,8.02
,,567.8067453,251.4568653,8.03
,,568.5138521,251.3760521,8.04
,,569.2209589,251.2942589,8.05
,,569.9280656,251.2114856,8.06
,,570.6351724,251.1277324,8.07
,,571.3422792,251.0429992,8.08
,,572.049386,250.957286,8.09
,,572.7564928,250.8705928,8.1
,,573.4635995,250.7829195,8.11
,,574.1707063,250.6942663,8.12
,,574.8778131,250.6046331,8.13
,,575.5849199,250.5140199,8.14
,,576.2920267,250.4224267,8.15
,,576.9991334,250.3298534,8.16
,,577.7062402,250.2363002,8.17
,,578.413347,250.141767,8.18
,,579.1204538,250.0462538,8.19
,,579.8275606,249.9497606,8.2
,,580.5346674,249.8522874,8.21
,,581.2417741,249.7538341,8.22
,,581.9488809,249.6544009,8.23
,,582.6559877,249.5539877,8.24
,,583.3630945,249.4525945,8.25
,,584.0702013,249.3502213,8.26
,,584.777308,249.246868,8.27
,,585.4844148,249.1425348,8.28
,,586.1915216,249.0372216,8.29
,,586.8986284,248.9309284,8.3
,,587.6057352,248.8236552,8.31
,,588.3128419,248.7154019,8.32
,,589.0199487,248.6061687,8.33
,,589.7270555,248.4959555,8.34
,,590.4341623,248.3847623,8.35
,,591.1412691,248.2725891,8.36
,,591.8483759,248.1594359,8.37
,,592.5554826,248.0453026,8.38
,,593.2625894,247.9301894,8.39
,,593.9696962,247.8140962,8.4
,,594.676803,247.697023,8.41
,,595.3839098,247.5789698,8.42
,,596.0910165,247.4599365,8.43
,,596.7981233,247.3399233,8.44
,,597.5052301,247.2189301,8.45
,,598.2123369,247.0969569,8.46
,,598.9194437,246.9740037,8.47
,,599.6265504,246.8500704,8.48
,,600.3336572,246.7251572,8.49
,,601.040764,246.599264,8.5
,,601.7478708,246.4723908,8.51
,,602.4549776,246.3445376,8.52
,,603.1620844,246.2157044,8.53
,,603.8691911,246.0858911,8.54
,,604.5762979,245.9550979,8.55
,,605.2834047,245.8233247,8.56
,,605.9905115,245.6905715,8.57
,,606.6976183,245.5568383,8.58
,,607.404725,245.422125,8.59
,,608.1118318,245.2864318,8.6
,,608.8189386,245.1497586,8.61
,,609.5260454,245.0121054,8.62
,,610.2331522,244.8734722,8.63
,,610.9402589,244.7338589,8.64
,,611.6473657,244.5932657,8.65
,,612.3544725,244.4516925,8.66
,,613.0615793,244.3091393,8.67
,,613.7686861,244.1656061,8.68
,,614.4757929,244.0210929,8.69
,,615.1828996,243.8755996,8.7
,,615.8900064,243.7291264,8.71
,,616.5971132,243.5816732,8.72
,,617.30422,243.43324,8.73
,,618.0113268,243.2838268,8.74
,,618.7184335,243.1334335,8.75
,,619.4255403,242.9820603,8.76
,,620.1326471,242.8297071,8.77
,,620.8397539,242.6763739,8.78
,,621.5468607,242.5220607,8.79
,,622.2539674,242.3667674,8.8
,,622.9610742,242.2104942,8.81
,,623.668181,242.053241,8.82
,,624.3752878,241.8950078,8.83
,,625.0823946,241.7357946,8.84
,,625.7895014,241.5756014,8.85
,,626.4966081,241.4144281,8.86
,,627.2037149,241.2522749,8.87
,,627.9108217,241.0891417,8.88
,,628.6179285,240.9250285,8.89
,,629.3250353,240.7599353,8.9
,,630.032142,240.593862,8.91
,,630.7392488,240.4268088,8.92
,,631.4463556,240.2587756,8.93
,,632.1534624,240.0897624,8.94
,,632.8605692,239.9197692,8.95
,,633.5676759,239.7487959,8.96
,,634.2747827,239.5768427,8.97
,,634.9818895,239.4039095,8.98
,,635.6889963,239.2299963,8.99
,,636.3961031,239.0551031,9
,,637.1032098,238.8792298,9.01
,,637.8103166,238.7023766,9.02
,,638.5174234,238.5245434,9.03
,,639.2245302,238.3457302,9.04
,,639.931637,238.165937,9.05
,,640.6387438,237.9851638,9.06
,,641.3458505,237.8034105,9.07
,,642.0529573,237.6206773,9.08
,,642.7600641,237.4369641,9.09
,,643.4671709,237.2522709,9.1
,,644.1742777,237.0665977,9.11
,,644.8813844,236.8799444,9.12
,,645.5884912,236.6923112,9.13
,,646.295598,236.503698,9.14
,,647.0027048,236.3141048,9.15
,,647.7098116,236.1235316,9.16
,,648.4169183,235.9319783,9.17
,,649.1240251,235.7394451,9.18
,,649.8311319,235.5459319,9.19
,,650.5382387,235.3514387,9.2
,,651.2453455,235.1559655,9.21
,,651.9524523,234.9595123,9.22
,,652.659559,234.762079,9.23
,,653.3666658,234.5636658,9.24
,,654.0737726,234.3642726,9.25
,,654.7808794,234.1638994,9.26
,,655.4879862,233.9625462,9.27
,,656.1950929,233.7602129,9.28
,,656.9021997,233.5568997,9.29
,,657.6093065,233.3526065,9.3
,,658.3164133,233.1473333,9.31
,,659.0235201,232.9410801,9.32
,,659.7306268,232.7338468,9.33
,,660.4377336,232.5256336,9.34
,,661.1448404,232.3164404,9.35
,,661.8519472,232.1062672,9.36
,,662.559054,231.895114,9.37
,,663.2661608,231.6829808,9.38
,,663.9732675,231.4698675,9.39
,,664.6803743,231.2557743,9.4
,,665.3874811,231.0407011,9.41
,,666.0945879,230.8246479,9.42
,,666.8016947,230.6076147,9.43
,,667.5088014,230.3896014,9.44
,,668.2159082,230.1706082,9.45
,,668.923015,229.950635,9.46
,,669.6301218,229.7296818,9.47
,,670.3372286,229.5077486,9.48
,,671.0443353,229.2848353,9.49
,,671.7514421,229.0609421,9.5
,,672.4585489,228.8360689,9.51
,,673.1656557,228.6102157,9.52
,,673.8727625,228.3833825,9.53
,,674.5798693,228.1555693,9.54
,,675.286976,227.926776,9.55
,,675.9940828,227.6970028,9.56
,,676.7011896,227.4662496,9.57
,,677.4082964,227.2345164,9.58
,,678.1154032,227.0018032,9.59
,,678.8225099,226.7681099,9.6
,,679.5296167,226.5334367,9.61
,,680.2367235,226.2977835,9.62
,,680.9438303,226.0611503,9.63
,,681.6509371,225.8235371,9.64
,,682.3580438,225.5849438,9.65
,,683.0651506,225.3453706,9.66
,,683.7722574,225.1048174,9.67
,,684.4793642,224.8632842,9.68
,,685.186471,224.620771,9.69
,,685.8935778,224.3772778,9.7
,,686.6006845,224.1328045,9.71
,,687.3077913,223.8873513,9.72
,,688.0148981,223.6409181,9.73
,,688.7220049,223.3935049,9.74
,,689.4291117,223.1451117,9.75
,,690.1362184,222.8957384,9.76
,,690.8433252,222.6453852,9.77
,,691.550432,222.394052,9.78
,,692.2575388,222.1417388,9.79
,,692.9646456,221.8884456,9.8
,,693.6717523,221.6341723,9.81
,,694.3788591,221.3789191,9.82
,,695.0859659,221.1226859,9.83
,,695.7930727,220.8654727,9.84
,,696.5001795,220.6072795,9.85
,,697.2072862,220.3481062,9.86
,,697.914393,220.087953,9.87
,,698.6214998,219.8268198,9.88
,,699.3286066,219.5647066,9.89
,,700.0357134,219.3016134,9.9
,,700.7428202,219.0375402,9.91
,,701.4499269,218.7724869,9.92
,,702.1570337,218.5064537,9.93
,,702.8641405,218.2394405,9.94
,,703.5712473,217.9714473,9.95
,,704.2783541,217.7024741,9.96
,,704.9854608,217.4325208,9.97
,,705.6925676,217.1615876,9.98
,,706.3996744,216.8896744,9.99
,,707.1067812,216.6167812,10
,,707.813888,216.342908,10.01
,,708.5209947,216.0680547,10.02
,,709.2281015,215.7922215,10.03
,,709.9352083,215.5154083,10.04
,,710.6423151,215.2376151,10.05
,,711.3494219,214.9588419,10.06
,,712.0565287,214.6790887,10.07
,,712.7636354,214.3983554,10.08
,,713.4707422,214.1166422,10.09
,,714.177849,213.833949,10.1
,,714.8849558,213.5502758,10.11
,,715.5920626,213.2656226,10.12
,,716.2991693,212.9799893,10.13
,,717.0062761,212.6933761,10.14
,,717.7133829,212.4057829,10.15
,,718.4204897,212.1172097,10.16
,,719.1275965,211.8276565,10.17
,,719.8347032,211.5371232,10.18
,,720.54181,211.24561,10.19
,,721.2489168,210.9531168,10.2
,,721.9560236,210.6596436,10.21
,,722.6631304,210.3651904,10.22
,,723.3702372,210.0697572,10.23
,,724.0773439,209.7733439,10.24
,,724.7844507,209.4759507,10.25
,,725.4915575,209.1775775,10.26
,,726.1986643,208.8782243,10.27
,,726.9057711,208.5778911,10.28
,,727.6128778,208.2765778,10.29
,,728.3199846,207.9742846,10.3
,,729.0270914,207.6710114,10.31
,,729.7341982,207.3667582,10.32
,,730.441305,207.061525,10.33
,,731.1484117,206.7553117,10.34
,,731.8555185,206.4481185,10.35
,,732.5626253,206.1399453,10.36
,,733.2697321,205.8307921,10.37
,,733.9768389,205.5206589,10.38
,,734.6839457,205.2095457,10.39
,,735.3910524,204.8974524,10.4
,,736.0981592,204.5843792,10.41
,,736.805266,204.270326,10.42
,,737.5123728,203.9552928,10.43
,,738.2194796,203.6392796,10.44
,,738.9265863,203.3222863,10.45
,,739.6336931,203.0043131,10.46
,,740.3407999,202.6853599,10.47
,,741.0479067,202.3654267,10.48
,,741.7550135,202.0445135,10.49
,,742.4621202,201.7226202,10.5
,,743.169227,201.399747,10.51
,,743.8763338,201.0758938,10.52
,,744.5834406,200.7510606,10.53
,,745.2905474,200.4252474,10.54
,,745.9976542,200.0984542,10.55
,,746.7047609,199.7706809,10.56
,,747.4118677,199.4419277,10.57
,,748.1189745,199.1121945,10.58
,,748.8260813,198.7814813,10.59
,,749.5331881,198.4497881,10.6
,,750.2402948,198.1171148,10.61
,,750.9474016,197.7834616,10.62
,,751.6545084,197.4488284,10.63
,,752.3616152,197.1132152,10.64
,,753.068722,196.776622,10.65
,,753.7758287,196.4390487,10.66
,,754.4829355,196.1004955,10.67
,,755.1900423,195.7609623,10.68
,,755.8971491,195.4204491,10.69
,,756.6042559,195.0789559,10.7
,,757.3113627,194.7364827,10.71
,,758.0184694,194.3930294,10.72
,,758.7255762,194.0485962,10.73
,,759.432683,193.703183,10.74
,,760.1397898,193.3567898,10.75
,,760.8468966,193.0094166,10.76
,,761.5540033,192.6610633,10.77
,,762.2611101,192.3117301,10.78
,,762.9682169,191.9614169,10.79
,,763.6753237,191.6101237,10.8
,,764.3824305,191.2578505,10.81
,,765.0895372,190.9045972,10.82
,,765.796644,190.550364,10.83
,,766.5037508,190.1951508,10.84
,,767.2108576,189.8389576,10.85
,,767.9179644,189.4817844,10.86
,,768.6250711,189.1236311,10.87
,,769.3321779,188.7644979,10.88
,,770.0392847,188.4043847,10.89
,,770.7463915,188.0432915,10.9
,,771.4534983,187.6812183,10.91
,,772.1606051,187.3181651,10.92
,,772.8677118,186.9541318,10.93
,,773.5748186,186.5891186,10.94
,,774.2819254,186.2231254,10.95
,,774.9890322,185.8561522,10.96
,,775.696139,185.488199,10.97
,,776.4032457,185.1192657,10.98
,,777.1103525,184.7493525,10.99
,,777.8174593,184.3784593,11
,,778.5245661,184.0065861,11.01
,,779.2316729,183.6337329,11.02
,,779.9387796,183.2598996,11.03
,,780.6458864,182.8850864,11.04
,,781.3529932,182.5092932,11.05
,,782.0601,182.13252,11.06
,,782.7672068,181.7547668,11.07
,,783.4743136,181.3760336,11.08
,,784.1814203,180.9963203,11.09
,,784.8885271,180.6156271,11.1
,,785.5956339,180.2339539,11.11
,,786.3027407,179.8513007,11.12
,,787.0098475,179.4676675,11.13
,,787.7169542,179.0830542,11.14
,,788.424061,178.697461,11.15
,,789.1311678,178.3108878,11.16
,,789.8382746,177.9233346,11.17
,,790.5453814,177.5348014,11.18
,,791.2524881,177.1452881,11.19
,,791.9595949,176.7547949,11.2
,,792.6667017,176.3633217,11.21
,,793.3738085,175.9708685,11.22
,,794.0809153,175.5774353,11.23
,,794.7880221,175.1830221,11.24
,,795.4951288,174.7876288,11.25
,,796.2022356,174.3912556,11.26
,,796.9093424,173.9939024,11.27
,,797.6164492,173.5955692,11.28
,,798.323556,173.196256,11.29
,,799.0306627,172.7959627,11.3
,,799.7377695,172.3946895,11.31
,,800.4448763,171.9924363,11.32
,,801.1519831,171.5892031,11.33
,,801.8590899,171.1849899,11.34
,,802.5661966,170.7797966,11.35
,,803.2733034,170.3736234,11.36
,,803.9804102,169.9664702,11.37
,,804.687517,169.558337,11.38
,,805.3946238,169.1492238,11.39
,,806.1017306,168.7391306,11.4
,,806.8088373,168.3280573,11.41
,,807.5159441,167.9160041,11.42
,,808.2230509,167.5029709,11.43
,,808.9301577,167.0889577,11.44
,,809.6372645,166.6739645,11.45
,,810.3443712,166.2579912,11.46
,,811.051478,165.841038,11.47
,,811.7585848,165.4231048,11.48
,,812.4656916,165.0041916,11.49
,,813.1727984,164.5842984,11.5
,,813.8799051,164.1634251,11.51
,,814.5870119,163.7415719,11.52
,,815.2941187,163.3187387,11.53
,,816.0012255,162.8949255,11.54
,,816.7083323,162.4701323,11.55
,,817.4154391,162.0443591,11.56
,,818.1225458,161.6176058,11.57
,,818.8296526,161.1898726,11.58
,,819.5367594,160.7611594,11.59
,,820.2438662,160.3314662,11.6
,,820.950973,159.900793,11.61
,,821.6580797,159.4691397,11.62
,,822.3651865,159.0365065,11.63
,,823.0722933,158.6028933,11.64
,,823.7794001,158.1683001,11.65
,,824.4865069,157.7327269,11.66
,,825.1936136,157.2961736,11.67
,,825.9007204,156.8586404,11.68
,,826.6078272,156.4201272,11.69
,,827.314934,155.980634,11.7
,,828.0220408,155.5401608,11.71
,,828.7291476,155.0987076,11.72
,,829.4362543,154.6562743,11.73
,,830.1433611,154.2128611,11.74
,,830.8504679,153.7684679,11.75
,,831.5575747,153.3230947,11.76
,,832.2646815,152.8767415,11.77
,,832.9717882,152.4294082,11.78
,,833.678895,151.981095,11.79
,,834.3860018,151.5318018,11.8
,,835.0931086,151.0815286,11.81
,,835.8002154,150.6302754,11.82
,,836.5073221,150.1780421,11.83
,,837.2144289,149.7248289,11.84
,,837.9215357,149.2706357,11.85
,,838.6286425,148.8154625,11.86
,,839.3357493,148.3593093,11.87
,,840.042856,147.902176,11.88
,,840.7499628,147.4440628,11.89
,,841.4570696,146.9849696,11.9
,,842.1641764,146.5248964,11.91
,,842.8712832,146.0638432,11.92
,,843.57839,145.60181,11.93
,,844.2854967,145.1387967,11.94
,,844.9926035,144.6748035,11.95
,,845.6997103,144.2098303,11.96
,,846.4068171,143.7438771,11.97
,,847.1139239,143.2769439,11.98
,,847.8210306,142.8090306,11.99
,,848.5281374,142.3401374,12
,,849.2352442,141.8702642,12.01
,,849.942351,141.399411,12.02
,,850.6494578,140.9275778,12.03
,,851.3565645,140.4547645,12.04
,,852.0636713,139.9809713,12.05
,,852.7707781,139.5061981,12.06
,,853.4778849,139.0304449,12.07
,,854.1849917,138.5537117,12.08
,,854.8920985,138.0759985,12.09
,,855.5992052,137.5973052,12.1
,,856.306312,137.117632,12.11
,,857.0134188,136.6369788,12.12
,,857.7205256,136.1553456,12.13
,,858.4276324,135.6727324,12.14
,,859.1347391,135.1891391,12.15
,,859.8418459,134.7045659,12.16
,,860.5489527,134.2190127,12.17
,,861.2560595,133.7324795,12.18
,,861.9631663,133.2449663,12.19
,,862.670273,132.756473,12.2
,,863.3773798,132.2669998,12.21
,,864.0844866,131.7765466,12.22
,,864.7915934,131.2851134,12.23
,,865.4987002,130.7927002,12.24
,,866.205807,130.299307,12.25
,,866.9129137,129.8049337,12.26
,,867.6200205,129.3095805,12.27
,,868.3271273,128.8132473,12.28
,,869.0342341,128.3159341,12.29
,,869.7413409,127.8176409,12.3
,,870.4484476,127.3183676,12.31
,,871.1555544,126.8181144,12.32
,,871.8626612,126.3168812,12.33
,,872.569768,125.814668,12.34
,,873.2768748,125.3114748,12.35
,,873.9839815,124.8073015,12.36
,,874.6910883,124.3021483,12.37
,,875.3981951,123.7960151,12.38
,,876.1053019,123.2889019,12.39
,,876.8124087,122.7808087,12.4
,,877.5195155,122.2717355,12.41
,,878.2266222,121.7616822,12.42
,,878.933729,121.250649,12.43
,,879.6408358,120.7386358,12.44
,,880.3479426,120.2256426,12.45
,,881.0550494,119.7116694,12.46
,,881.7621561,119.1967161,12.47
,,882.4692629,118.6807829,12.48
,,883.1763697,118.1638697,12.49
,,883.8834765,117.6459765,12.5
,,884.5905833,117.1271033,12.51
,,885.29769,116.60725,12.52
,,886.0047968,116.0864168,12.53
,,886.7119036,115.5646036,12.54
,,887.4190104,115.0418104,12.55
,,888.1261172,114.5180372,12.56
,,888.833224,113.993284,12.57
,,889.5403307,113.4675507,12.58
,,890.2474375,112.9408375,12.59
,,890.9545443,112.4131443,12.6
,,891.6616511,111.8844711,12.61
,,892.3687579,111.3548179,12.62
,,893.0758646,110.8241846,12.63
,,893.7829714,110.2925714,12.64
,,894.4900782,109.7599782,12.65
,,895.197185,109.226405,12.66
,,895.9042918,108.6918518,12.67
,,896.6113985,108.1563185,12.68
,,897.3185053,107.6198053,12.69
,,898.0256121,107.0823121,12.7
,,898.7327189,106.5438389,12.71
,,899.4398257,106.0043857,12.72
,,900.1469325,105.4639525,12.73
,,900.8540392,104.9225392,12.74
,,901.561146,104.380146,12.75
,,902.2682528,103.8367728,12.76
,,902.9753596,103.2924196,12.77
,,903.6824664,102.7470864,12.78
,,904.3895731,102.2007731,12.79
,,905.0966799,101.6534799,12.8
,,905.8037867,101.1052067,12.81
,,906.5108935,100.5559535,12.82
,,907.2180003,100.0057203,12.83
,,907.925107,99.45450704,12.84
,,908.6322138,98.90231382,12.85
,,909.3393206,98.34914061,12.86
,,910.0464274,97.79498739,12.87
,,910.7535342,97.23985417,12.88
,,911.4606409,96.68374095,12.89
,,912.1677477,96.12664773,12.9
,,912.8748545,95.56857451,12.91
,,913.5819613,95.00952129,12.92
,,914.2890681,94.44948807,12.93
,,914.9961749,93.88847486,12.94
,,915.7032816,93.32648164,12.95
,,916.4103884,92.76350842,12.96
,,917.1174952,92.1995552,12.97
,,917.824602,91.63462198,12.98
,,918.5317088,91.06870876,12.99
,,919.2388155,90.50181554,13
,,919.9459223,89.93394232,13.01
,,920.6530291,89.3650891,13.02
,,921.3601359,88.79525589,13.03
,,922.0672427,88.22444267,13.04
,,922.7743494,87.65264945,13.05
,,923.4814562,87.07987623,13.06
,,924.188563,86.50612301,13.07
,,924.8956698,85.93138979,13.08
,,925.6027766,85.35567657,13.09
,,926.3098834,84.77898335,13.1
,,927.0169901,84.20131014,13.11
,,927.7240969,83.62265692,13.12
,,928.4312037,83.0430237,13.13
,,929.1383105,82.46241048,13.14
,,929.8454173,81.88081726,13.15
,,930.552524,81.29824404,13.16
,,931.2596308,80.71469082,13.17
,,931.9667376,80.1301576,13.18
,,932.6738444,79.54464439,13.19
,,933.3809512,78.95815117,13.2
,,934.0880579,78.37067795,13.21
,,934.7951647,77.78222473,13.22
,,935.5022715,77.19279151,13.23
,,936.2093783,76.60237829,13.24
,,936.9164851,76.01098507,13.25
,,937.6235919,75.41861185,13.26
,,938.3306986,74.82525863,13.27
,,939.0378054,74.23092542,13.28
,,939.7449122,73.6356122,13.29
,,940.452019,73.03931898,13.3
,,941.1591258,72.44204576,13.31
,,941.8662325,71.84379254,13.32
,,942.5733393,71.24455932,13.33
,,943.2804461,70.6443461,13.34
,,943.9875529,70.04315288,13.35
,,944.6946597,69.44097967,13.36
,,945.4017664,68.83782645,13.37
,,946.1088732,68.23369323,13.38
,,946.81598,67.62858001,13.39
,,947.5230868,67.02248679,13.4
,,948.2301936,66.41541357,13.41
,,948.9373004,65.80736035,13.42
,,949.6444071,65.19832713,13.43
,,950.3515139,64.58831391,13.44
,,951.0586207,63.9773207,13.45
,,951.7657275,63.36534748,13.46
,,952.4728343,62.75239426,13.47
,,953.179941,62.13846104,13.48
,,953.8870478,61.52354782,13.49
,,954.5941546,60.9076546,13.5
,,955.3012614,60.29078138,13.51
,,956.0083682,59.67292816,13.52
,,956.7154749,59.05409495,13.53
,,957.4225817,58.43428173,13.54
,,958.1296885,57.81348851,13.55
,,958.8367953,57.19171529,13.56
,,959.5439021,56.56896207,13.57
,,960.2510089,55.94522885,13.58
,,960.9581156,55.32051563,13.59
,,961.6652224,54.69482241,13.6
,,962.3723292,54.06814919,13.61
,,963.079436,53.44049598,13.62
,,963.7865428,52.81186276,13.63
,,964.4936495,52.18224954,13.64
,,965.2007563,51.55165632,13.65
,,965.9078631,50.9200831,13.66
,,966.6149699,50.28752988,13.67
,,967.3220767,49.65399666,13.68
,,968.0291834,49.01948344,13.69
,,968.7362902,48.38399023,13.7
,,969.443397,47.74751701,13.71
,,970.1505038,47.11006379,13.72
,,970.8576106,46.47163057,13.73
,,971.5647174,45.83221735,13.74
,,972.2718241,45.19182413,13.75
,,972.9789309,44.55045091,13.76
,,973.6860377,43.90809769,13.77
,,974.3931445,43.26476448,13.78
,,975.1002513,42.62045126,13.79
,,975.807358,41.97515804,13.8
,,976.5144648,41.32888482,13.81
,,977.2215716,40.6816316,13.82
,,977.9286784,40.03339838,13.83
,,978.6357852,39.38418516,13.84
,,979.3428919,38.73399194,13.85
,,980.0499987,38.08281872,13.86
,,980.7571055,37.43066551,13.87
,,981.4642123,36.77753229,13.88
,,982.1713191,36.12341907,13.89
,,982.8784258,35.46832585,13.9
,,983.5855326,34.81225263,13.91
,,984.2926394,34.15519941,13.92
,,984.9997462,33.49716619,13.93
,,985.706853,32.83815297,13.94
,,986.4139598,32.17815976,13.95
,,987.1210665,31.51718654,13.96
,,987.8281733,30.85523332,13.97
,,988.5352801,30.1923001,13.98
,,989.2423869,29.52838688,13.99
,,989.9494937,28.86349366,14
,,990.6566004,28.19762044,14.01
,,991.3637072,27.53076722,14.02
,,992.070814,26.862934,14.03
,,992.7779208,26.19412079,14.04
,,993.4850276,25.52432757,14.05
,,994.1921343,24.85355435,14.06
,,994.8992411,24.18180113,14.07
,,995.6063479,23.50906791,14.08
,,996.3134547,22.83535469,14.09
,,997.0205615,22.16066147,14.1
,,997.7276683,21.48498825,14.11
,,998.434775,20.80833504,14.12
,,999.1418818,20.13070182,14.13
,,999.8489886,19.4520886,14.14
,,1000.556095,18.77249538,14.15
,,1001.263202,18.09192216,14.16
,,1001.970309,17.41036894,14.17
,,1002.677416,16.72783572,14.18
,,1003.384523,16.0443225,14.19
,,1004.091629,15.35982928,14.2
,,1004.798736,14.67435607,14.21
,,1005.505843,13.98790285,14.22
,,1006.21295,13.30046963,14.23
,,1006.920056,12.61205641,14.24
,,1007.627163,11.92266319,14.25
,,1008.33427,11.23228997,14.26
,,1009.041377,10.54093675,14.27
,,1009.748484,9.848603534,14.28
,,1010.45559,9.155290316,14.29
,,1011.162697,8.460997097,14.3
,,1011.869804,7.765723878,14.31
,,1012.576911,7.069470659,14.32
,,1013.284017,6.37223744,14.33
,,1013.991124,5.674024222,14.34
,,1014.698231,4.974831003,14.35
,,1015.405338,4.274657784,14.36
,,1016.112445,3.573504565,14.37
,,1016.819551,2.871371346,14.38
,,1017.526658,2.168258127,14.39
,,1018.233765,1.464164909,14.4
,,1018.940872,0.75909169,14.41
,,1019.647978,0.053038471,14.42
